round,model,score,rank
1,amplify_imb,0.7845892736,1
1,C_AMPs-predict,0.7598325583,2
1,AMPsorter,0.7543895003,3
1,pepnet_fast,0.7139248275,4
1,pepnet_standard,0.709855364,5
1,esm-AxP-GDL,0.6798816471,6
1,amplify_bal,0.6728532297,7
1,HMD-AMP,0.5541807274,8
1,macrel,0.4930740224,9
1,amPEPpy,0.4775859914,10
1,lstm,0.428966114,11
1,iampcn,0.4177805637,12
1,ai4amp,0.4041486551,13
1,apex1.1,0.34797996,14
1,apin,0.2999774763,15
1,ascan2,0.2773216775,16
1,ampir,0.2136609303,17
1,iamp-ca2l,0.0099974814,18
2,HMD-AMP,0.8158387321,1
2,pepnet_standard,0.7582532072,2
2,AMPsorter,0.7085825311,3
2,amplify_imb,0.7006071257,4
2,C_AMPs-predict,0.5923396694,5
2,macrel,0.585070711,6
2,esm-AxP-GDL,0.555320657,7
2,amplify_bal,0.5449351378,8
2,pepnet_fast,0.5419569047,9
2,ascan2,0.4838347962,10
2,lstm,0.473083013,11
2,ai4amp,0.4702834497,12
2,iampcn,0.4660029121,13
2,apin,0.4618628877,14
2,amPEPpy,0.3231001195,15
2,ampir,0.2897499616,16
2,apex1.1,0.1995444976,17
2,iamp-ca2l,0.0296336867,18
3,HMD-AMP,0.8153953126,1
3,pepnet_standard,0.7577940075,2
3,AMPsorter,0.708142417,3
3,amplify_imb,0.7000090162,4
3,C_AMPs-predict,0.5925025024,5
3,macrel,0.5852951666,6
3,esm-AxP-GDL,0.5550613547,7
3,amplify_bal,0.5445964505,8
3,pepnet_fast,0.5416719051,9
3,ascan2,0.4836505059,10
3,lstm,0.4729143762,11
3,ai4amp,0.4709526063,12
3,iampcn,0.4651337223,13
3,apin,0.4617960303,14
3,amPEPpy,0.3236663955,15
3,ampir,0.2898409569,16
3,apex1.1,0.2018532266,17
3,iamp-ca2l,0.0297240475,18
4,pepnet_standard,0.7426278265,1
4,HMD-AMP,0.6834003095,2
4,C_AMPs-predict,0.680842044,3
4,amplify_imb,0.6762921493,4
4,amplify_bal,0.6411202085,5
4,AMPsorter,0.6361740319,6
4,pepnet_fast,0.6061148087,7
4,macrel,0.5835546631,8
4,esm-AxP-GDL,0.5250448793,9
4,ascan2,0.4899847216,10
4,ai4amp,0.4660697009,11
4,lstm,0.44537614,12
4,apin,0.4301457089,13
4,amPEPpy,0.3937789271,14
4,iampcn,0.3886645092,15
4,ampir,0.3083095067,16
4,apex1.1,0.2725482402,17
4,iamp-ca2l,0.0299516245,18
5,C_AMPs-predict,0.7689715206,1
5,amplify_bal,0.7382299069,2
5,pepnet_standard,0.7279409969,3
5,pepnet_fast,0.6706970118,4
5,amplify_imb,0.653071048,5
5,macrel,0.58195687,6
5,AMPsorter,0.5640737148,7
5,HMD-AMP,0.5520693582,8
5,ascan2,0.4963802597,9
5,esm-AxP-GDL,0.4956084086,10
5,amPEPpy,0.4638176197,11
5,ai4amp,0.4611965818,12
5,lstm,0.4178741081,13
5,apin,0.3987414931,14
5,apex1.1,0.3403429227,15
5,ampir,0.3267908813,16
5,iampcn,0.312119209,17
5,iamp-ca2l,0.0301180891,18
6,pepnet_standard,0.7618533063,1
6,amplify_bal,0.7080324359,2
6,ascan2,0.7075518725,3
6,C_AMPs-predict,0.6911530942,4
6,HMD-AMP,0.6814967422,5
6,macrel,0.672049372,6
6,pepnet_fast,0.5644372135,7
6,amplify_imb,0.5474903683,8
6,apin,0.5275380113,9
6,ai4amp,0.5221301094,10
6,AMPsorter,0.4473438469,11
6,lstm,0.4332612877,12
6,ampir,0.4200576944,13
6,amPEPpy,0.3806093802,14
6,esm-AxP-GDL,0.341733274,15
6,iampcn,0.2842409337,16
6,apex1.1,0.2592007998,17
6,iamp-ca2l,0.0498202576,18
7,C_AMPs-predict,0.7676159945,1
7,amplify_bal,0.7385750933,2
7,pepnet_standard,0.7277121502,3
7,pepnet_fast,0.6707114751,4
7,amplify_imb,0.6538668975,5
7,macrel,0.5811317453,6
7,AMPsorter,0.5628798939,7
7,HMD-AMP,0.5521486351,8
7,ascan2,0.4969288671,9
7,esm-AxP-GDL,0.4965503209,10
7,amPEPpy,0.4639769278,11
7,ai4amp,0.4603540593,12
7,lstm,0.4189317468,13
7,apin,0.3988754368,14
7,apex1.1,0.3382329559,15
7,ampir,0.3272660681,16
7,iampcn,0.3140745788,17
7,iamp-ca2l,0.0301671538,18
8,pepnet_standard,0.7420754044,1
8,HMD-AMP,0.6832093223,2
8,C_AMPs-predict,0.6786734134,3
8,amplify_imb,0.677698467,4
8,amplify_bal,0.6414212703,5
8,AMPsorter,0.6345162178,6
8,pepnet_fast,0.6061714304,7
8,macrel,0.5817920647,8
8,esm-AxP-GDL,0.5263469766,9
8,ascan2,0.4909490631,10
8,ai4amp,0.4642240888,11
8,lstm,0.4471991601,12
8,apin,0.4302070646,13
8,amPEPpy,0.3939439847,14
8,iampcn,0.3925289662,15
8,ampir,0.3090314049,16
8,apex1.1,0.2699766469,17
8,iamp-ca2l,0.0300350537,18
9,C_AMPs-predict,0.766858609,1
9,amplify_bal,0.738703098,2
9,pepnet_standard,0.7274994265,3
9,pepnet_fast,0.6706787419,4
9,amplify_imb,0.6542488173,5
9,macrel,0.5806645872,6
9,AMPsorter,0.5621860753,7
9,HMD-AMP,0.5521361596,8
9,ascan2,0.49718144,9
9,esm-AxP-GDL,0.4970348944,10
9,amPEPpy,0.4640297621,11
9,ai4amp,0.4598927159,12
9,lstm,0.4195382139,13
9,apin,0.3989237596,14
9,apex1.1,0.3375054886,15
9,ampir,0.3275045213,16
9,iampcn,0.3151942192,17
9,iamp-ca2l,0.0302194703,18
10,HMD-AMP,0.8122775166,1
10,pepnet_standard,0.7761548125,2
10,ascan2,0.7015174964,3
10,macrel,0.6724703606,4
10,amplify_bal,0.6111695253,5
10,C_AMPs-predict,0.6018620536,6
10,amplify_imb,0.5719529436,7
10,apin,0.5584950831,8
10,ai4amp,0.5254900411,9
10,AMPsorter,0.5186658714,10
10,pepnet_fast,0.500146167,11
10,lstm,0.4617062261,12
10,ampir,0.4017287896,13
10,esm-AxP-GDL,0.3718077367,14
10,iampcn,0.3634418769,15
10,amPEPpy,0.3109745759,16
10,apex1.1,0.1904597112,17
10,iamp-ca2l,0.0496792125,18
11,pepnet_standard,0.7417955088,1
11,HMD-AMP,0.6830090097,2
11,C_AMPs-predict,0.67834618,3
11,amplify_imb,0.6776423154,4
11,amplify_bal,0.6412863533,5
11,AMPsorter,0.6341833317,6
11,pepnet_fast,0.6060816321,7
11,macrel,0.5815608355,8
11,esm-AxP-GDL,0.5263873976,9
11,ascan2,0.4910352263,10
11,ai4amp,0.464122218,11
11,lstm,0.4474804801,12
11,apin,0.4301765711,13
11,amPEPpy,0.3940360358,14
11,iampcn,0.3929354812,15
11,ampir,0.3091554953,16
11,apex1.1,0.2706744104,17
11,iamp-ca2l,0.0300915176,18
12,pepnet_standard,0.7416354617,1
12,HMD-AMP,0.6828895332,2
12,C_AMPs-predict,0.678143456,3
12,amplify_imb,0.677647675,4
12,amplify_bal,0.6412248536,5
12,AMPsorter,0.6339526952,6
12,pepnet_fast,0.6060350109,7
12,macrel,0.5814220252,8
12,esm-AxP-GDL,0.5264428006,9
12,ascan2,0.491090883,10
12,ai4amp,0.4640127152,11
12,lstm,0.4476604147,12
12,apin,0.4301512894,13
12,amPEPpy,0.3940708612,14
12,iampcn,0.3932582229,15
12,ampir,0.3092317615,16
12,apex1.1,0.2710071044,17
12,iamp-ca2l,0.0301232364,18
13,pepnet_standard,0.7414946202,1
13,HMD-AMP,0.6827843939,2
13,C_AMPs-predict,0.6779650588,3
13,amplify_imb,0.6776523913,4
13,amplify_bal,0.6411707338,5
13,AMPsorter,0.633749735,6
13,pepnet_fast,0.6059939843,7
13,macrel,0.581299872,8
13,esm-AxP-GDL,0.5264915552,9
13,ascan2,0.4911398609,10
13,ai4amp,0.4639163528,11
13,lstm,0.4478187572,12
13,apin,0.4301290415,13
13,amPEPpy,0.3941015077,14
13,iampcn,0.3935422356,15
13,ampir,0.3092988759,16
13,apex1.1,0.2712998752,17
13,iamp-ca2l,0.030151149,18
14,amplify_imb,0.7832975151,1
14,C_AMPs-predict,0.7545790399,2
14,AMPsorter,0.7493274697,3
14,pepnet_fast,0.7118184199,4
14,pepnet_standard,0.707470805,5
14,esm-AxP-GDL,0.6812897982,6
14,amplify_bal,0.6713862964,7
14,HMD-AMP,0.5540500877,8
14,macrel,0.4904428179,9
14,amPEPpy,0.476867076,10
14,lstm,0.4335615557,11
14,iampcn,0.4228820042,12
14,ai4amp,0.4027176054,13
14,apex1.1,0.3500566196,14
14,apin,0.3021907935,15
14,ascan2,0.2807950675,16
14,ampir,0.2167794122,17
14,iamp-ca2l,0.010487616,18
15,pepnet_standard,0.7415273633,1
15,HMD-AMP,0.6827848401,2
15,C_AMPs-predict,0.6778665915,3
15,amplify_imb,0.6778271813,4
15,amplify_bal,0.6412430934,5
15,AMPsorter,0.6335867743,6
15,pepnet_fast,0.6060217129,7
15,macrel,0.581213971,8
15,esm-AxP-GDL,0.5266232754,9
15,ascan2,0.4911550719,10
15,ai4amp,0.4637492676,11
15,lstm,0.4479110103,12
15,apin,0.4301007761,13
15,amPEPpy,0.3940680302,14
15,iampcn,0.3939126634,15
15,ampir,0.3092940492,16
15,apex1.1,0.2709722728,17
15,iamp-ca2l,0.0301420553,18
16,AMPsorter,0.893721307,1
16,amplify_imb,0.8303430858,2
16,HMD-AMP,0.8159450275,3
16,esm-AxP-GDL,0.7398623483,4
16,pepnet_standard,0.7368823939,5
16,pepnet_fast,0.5829527158,6
16,C_AMPs-predict,0.5787263355,7
16,iampcn,0.5766503005,8
16,macrel,0.4935204955,9
16,lstm,0.488346553,10
16,amplify_bal,0.477147016,11
16,ai4amp,0.4116520559,12
16,apin,0.3644954048,13
16,amPEPpy,0.3374687459,14
16,ascan2,0.2682449473,15
16,apex1.1,0.2142982575,16
16,ampir,0.1797412057,17
16,iamp-ca2l,0.010001804,18
17,AMPsorter,0.8218097495,1
17,amplify_imb,0.8066398798,2
17,pepnet_standard,0.7223212508,3
17,esm-AxP-GDL,0.710245904,4
17,HMD-AMP,0.6848421179,5
17,C_AMPs-predict,0.6671388693,6
17,pepnet_fast,0.6474058136,7
17,amplify_bal,0.5742640428,8
17,iampcn,0.4992424902,9
17,macrel,0.4924178866,10
17,lstm,0.4605270559,11
17,ai4amp,0.4073817051,12
17,amPEPpy,0.4072265285,13
17,apin,0.3331468151,14
17,apex1.1,0.2828597298,15
17,ascan2,0.2742664301,16
17,ampir,0.1980544388,17
17,iamp-ca2l,0.0102092921,18
18,AMPsorter,0.8218546873,1
18,amplify_imb,0.8066011903,2
18,pepnet_standard,0.7223757466,3
18,esm-AxP-GDL,0.710176129,4
18,HMD-AMP,0.6847912175,5
18,C_AMPs-predict,0.6673264814,6
18,pepnet_fast,0.6474021987,7
18,amplify_bal,0.5742764091,8
18,iampcn,0.4991953688,9
18,macrel,0.4925665202,10
18,lstm,0.4603994378,11
18,ai4amp,0.4074301667,12
18,amPEPpy,0.4072278671,13
18,apin,0.3330713597,14
18,apex1.1,0.2829634013,15
18,ascan2,0.2741615733,16
18,ampir,0.1979846533,17
18,iamp-ca2l,0.0101955918,18
19,pepnet_standard,0.7416799111,1
19,HMD-AMP,0.6827374689,2
19,C_AMPs-predict,0.6785899683,3
19,amplify_imb,0.6774337433,4
19,amplify_bal,0.6411650819,5
19,AMPsorter,0.6339869391,6
19,pepnet_fast,0.6059096395,7
19,macrel,0.581726421,8
19,esm-AxP-GDL,0.5262206194,9
19,ascan2,0.4907812522,10
19,ai4amp,0.464309519,11
19,lstm,0.4472969795,12
19,apin,0.4300431043,13
19,amPEPpy,0.3940665006,14
19,iampcn,0.3928891824,15
19,ampir,0.3091192012,16
19,apex1.1,0.2719114739,17
19,iamp-ca2l,0.0301329944,18
20,pepnet_standard,0.7415337357,1
20,HMD-AMP,0.6826505773,2
20,C_AMPs-predict,0.6783579897,3
20,amplify_imb,0.6774641315,4
20,amplify_bal,0.6411181347,5
20,AMPsorter,0.6337798697,6
20,pepnet_fast,0.6058836574,7
20,macrel,0.5815677404,8
20,esm-AxP-GDL,0.5262960357,9
20,ascan2,0.4908673858,10
20,ai4amp,0.46417754,11
20,lstm,0.4474989342,12
20,apin,0.4300338386,13
20,amPEPpy,0.3940976703,14
20,iampcn,0.3932174799,15
20,ampir,0.3091998228,16
20,apex1.1,0.2720957203,17
20,iamp-ca2l,0.030159736,18
21,HMD-AMP,0.8115076445,1
21,pepnet_standard,0.7755005629,2
21,ascan2,0.7008180616,3
21,macrel,0.6723477546,4
21,amplify_bal,0.6108314234,5
21,C_AMPs-predict,0.6021138609,6
21,amplify_imb,0.5717000204,7
21,apin,0.5580130096,8
21,ai4amp,0.525890776,9
21,AMPsorter,0.5183726914,10
21,pepnet_fast,0.5000180859,11
21,lstm,0.461570069,12
21,ampir,0.4016409394,13
21,esm-AxP-GDL,0.3715853175,14
21,iampcn,0.3635694377,15
21,amPEPpy,0.3113765404,16
21,apex1.1,0.1932625455,17
21,iamp-ca2l,0.0498812591,18
22,amplify_imb,0.7829184697,1
22,C_AMPs-predict,0.7550226525,2
22,AMPsorter,0.7495102659,3
22,pepnet_fast,0.711733021,4
22,pepnet_standard,0.707549836,5
22,esm-AxP-GDL,0.6808251353,6
22,amplify_bal,0.67126232,7
22,HMD-AMP,0.553801066,8
22,macrel,0.490927446,9
22,amPEPpy,0.4769484722,10
22,lstm,0.4331105636,11
22,iampcn,0.4221741679,12
22,ai4amp,0.4029902711,13
22,apex1.1,0.3516838416,14
22,apin,0.3019831897,15
22,ascan2,0.2805522964,16
22,ampir,0.2165562478,17
22,iamp-ca2l,0.0104507371,18
23,AMPsorter,0.821585883,1
23,amplify_imb,0.8064656829,2
23,pepnet_standard,0.7222653974,3
23,esm-AxP-GDL,0.7101959027,4
23,HMD-AMP,0.6847348686,5
23,C_AMPs-predict,0.6671841732,6
23,pepnet_fast,0.6473057408,7
23,amplify_bal,0.5741778254,8
23,iampcn,0.4992871748,9
23,macrel,0.4925521071,10
23,lstm,0.460538127,11
23,ai4amp,0.407444317,12
23,amPEPpy,0.407244527,13
23,apin,0.3331147155,14
23,apex1.1,0.2833598334,15
23,ascan2,0.2742751447,16
23,ampir,0.1980718829,17
23,iamp-ca2l,0.0101966968,18
24,HMD-AMP,0.8116778826,1
24,pepnet_standard,0.7756553052,2
24,ascan2,0.7007991849,3
24,macrel,0.6725640279,4
24,amplify_bal,0.6108283635,5
24,C_AMPs-predict,0.6023172013,6
24,amplify_imb,0.5715433739,7
24,apin,0.5581500281,8
24,ai4amp,0.5261532236,9
24,AMPsorter,0.5185126275,10
24,pepnet_fast,0.4999723564,11
24,lstm,0.4613870438,12
24,ampir,0.4016408825,13
24,esm-AxP-GDL,0.3714910518,14
24,iampcn,0.3631098302,15
24,amPEPpy,0.3112489727,16
24,apex1.1,0.1930891768,17
24,iamp-ca2l,0.0498594672,18
25,pepnet_standard,0.7414889141,1
25,HMD-AMP,0.6825902148,2
25,C_AMPs-predict,0.6785366528,3
25,amplify_imb,0.6771682206,4
25,amplify_bal,0.6409786601,5
25,AMPsorter,0.6339095636,6
25,pepnet_fast,0.6058323894,7
25,macrel,0.581739856,8
25,esm-AxP-GDL,0.5260691212,9
25,ascan2,0.4907347388,10
25,ai4amp,0.4644991853,11
25,lstm,0.4473215741,12
25,apin,0.4300045914,13
25,amPEPpy,0.394151518,14
25,iampcn,0.3926953628,15
25,ampir,0.3091267673,16
25,apex1.1,0.2729817669,17
25,iamp-ca2l,0.0301709029,18
26,pepnet_standard,0.7413656583,1
26,HMD-AMP,0.6825209937,2
26,C_AMPs-predict,0.678311072,3
26,amplify_imb,0.6772304715,4
26,amplify_bal,0.6409540835,5
26,AMPsorter,0.6337117792,6
26,pepnet_fast,0.6058156773,7
26,macrel,0.5815795632,8
26,esm-AxP-GDL,0.5261627173,9
26,ascan2,0.490826454,10
26,ai4amp,0.4643444464,11
26,lstm,0.4475205774,12
26,apin,0.4299999473,13
26,amPEPpy,0.3941724856,14
26,iampcn,0.3930469187,15
26,ampir,0.3092064809,16
26,apex1.1,0.2730375781,17
26,iamp-ca2l,0.0301930955,18
27,amplify_imb,0.7829089558,1
27,C_AMPs-predict,0.7547922247,2
27,AMPsorter,0.749246251,3
27,pepnet_fast,0.7116488458,4
27,pepnet_standard,0.7074512729,5
27,esm-AxP-GDL,0.6809496872,6
27,amplify_bal,0.6712138514,7
27,HMD-AMP,0.5538197006,8
27,macrel,0.4907672778,9
27,amPEPpy,0.4769026577,10
27,lstm,0.4333308581,11
27,iampcn,0.4225034915,12
27,ai4amp,0.4029112544,13
27,apex1.1,0.3516885323,14
27,apin,0.3020661317,15
27,ascan2,0.2806702297,16
27,ampir,0.2166614977,17
27,iamp-ca2l,0.0104672797,18
28,pepnet_standard,0.7414274952,1
28,HMD-AMP,0.6825808629,2
28,C_AMPs-predict,0.6781345441,3
28,amplify_imb,0.6775004466,4
28,amplify_bal,0.6410753195,5
28,AMPsorter,0.6335573814,6
28,pepnet_fast,0.6058836321,7
28,macrel,0.5814305638,8
28,esm-AxP-GDL,0.5263686234,9
28,ascan2,0.4909123695,10
28,ai4amp,0.4640807833,11
28,lstm,0.4476800999,12
28,apin,0.4300008055,13
28,amPEPpy,0.3941229955,14
28,iampcn,0.39352909,15
28,ampir,0.3092224986,16
28,apex1.1,0.27231795,17
28,iamp-ca2l,0.0301745387,18
29,pepnet_standard,0.7413116097,1
29,HMD-AMP,0.6825127641,2
29,C_AMPs-predict,0.6779572164,3
29,amplify_imb,0.6775228304,4
29,amplify_bal,0.6410391438,5
29,AMPsorter,0.6334018589,6
29,pepnet_fast,0.6058607709,7
29,macrel,0.581307386,8
29,esm-AxP-GDL,0.5264262792,9
29,ascan2,0.4909827691,10
29,ai4amp,0.4639762527,11
29,lstm,0.4478360801,12
29,apin,0.4299966157,13
29,amPEPpy,0.3941473859,14
29,iampcn,0.3937805986,15
29,ampir,0.3092907244,16
29,apex1.1,0.2724534192,17
29,iamp-ca2l,0.030196295,18
30,pepnet_standard,0.760784188,1
30,amplify_bal,0.7082905021,2
30,ascan2,0.707311257,3
30,C_AMPs-predict,0.6891133122,4
30,HMD-AMP,0.6802840154,5
30,macrel,0.6703710972,6
30,pepnet_fast,0.5647584198,7
30,amplify_imb,0.548969953,8
30,apin,0.5265035098,9
30,ai4amp,0.5204354087,10
30,AMPsorter,0.4457367564,11
30,lstm,0.434665964,12
30,ampir,0.4201169479,13
30,amPEPpy,0.3812078275,14
30,esm-AxP-GDL,0.3425489553,15
30,iampcn,0.2881150098,16
30,apex1.1,0.2606715524,17
30,iamp-ca2l,0.0501153236,18
31,HMD-AMP,0.8134674558,1
31,pepnet_standard,0.7559271032,2
31,AMPsorter,0.7055645303,3
31,amplify_imb,0.7008715739,4
31,C_AMPs-predict,0.5901753482,5
31,macrel,0.5829276389,6
31,esm-AxP-GDL,0.5557347803,7
31,amplify_bal,0.5438262762,8
31,pepnet_fast,0.5413701608,9
31,ascan2,0.4847068873,10
31,lstm,0.4751163865,11
31,iampcn,0.4701073273,12
31,ai4amp,0.4687943598,13
31,apin,0.4612067276,14
31,amPEPpy,0.3247627597,15
31,ampir,0.2908553682,16
31,apex1.1,0.2046352857,17
31,iamp-ca2l,0.0299500301,18
32,HMD-AMP,0.8135094747,1
32,pepnet_standard,0.7559550703,2
32,AMPsorter,0.7056859641,3
32,amplify_imb,0.7005126961,4
32,C_AMPs-predict,0.5905241304,5
32,macrel,0.5833075765,6
32,esm-AxP-GDL,0.5555432566,7
32,amplify_bal,0.54377409,8
32,pepnet_fast,0.5412846857,9
32,ascan2,0.4845014363,10
32,lstm,0.4747801435,11
32,ai4amp,0.4693390548,12
32,iampcn,0.4691393825,13
32,apin,0.4612488983,14
32,amPEPpy,0.3248729752,15
32,ampir,0.2907724905,16
32,apex1.1,0.2052871814,17
32,iamp-ca2l,0.0299614929,18
33,HMD-AMP,0.811433505,1
33,pepnet_standard,0.7751852584,2
33,ascan2,0.7004545402,3
33,macrel,0.6723149347,4
33,amplify_bal,0.6104960322,5
33,C_AMPs-predict,0.6024394813,6
33,amplify_imb,0.5711758782,7
33,apin,0.558029762,8
33,ai4amp,0.5265736972,9
33,AMPsorter,0.5185210646,10
33,pepnet_fast,0.4998494054,11
33,lstm,0.4614231994,12
33,ampir,0.4016004327,13
33,esm-AxP-GDL,0.3714752161,14
33,iampcn,0.3630030048,15
33,amPEPpy,0.3115563113,16
33,apex1.1,0.1945029965,17
33,iamp-ca2l,0.0499652802,18
34,amplify_imb,0.7824505675,1
34,C_AMPs-predict,0.7550516484,2
34,AMPsorter,0.7497209976,3
34,pepnet_fast,0.7116988565,4
34,pepnet_standard,0.7075283588,5
34,esm-AxP-GDL,0.6802587757,6
34,amplify_bal,0.6710895598,7
34,HMD-AMP,0.5536264829,8
34,macrel,0.4913223447,9
34,amPEPpy,0.4769938227,10
34,lstm,0.4328913581,11
34,iampcn,0.4212530616,12
34,ai4amp,0.4032345739,13
34,apex1.1,0.3533381808,14
34,apin,0.3019436059,15
34,ascan2,0.2806341335,16
34,ampir,0.2165126988,17
34,iamp-ca2l,0.010450973,18
35,HMD-AMP,0.8115839708,1
35,pepnet_standard,0.7753552551,2
35,ascan2,0.7005449084,3
35,macrel,0.6724328546,4
35,amplify_bal,0.6105617998,5
35,C_AMPs-predict,0.6024562872,6
35,amplify_imb,0.571197472,7
35,apin,0.5581228476,8
35,ai4amp,0.5265847831,9
35,AMPsorter,0.5185813965,10
35,pepnet_fast,0.4998788733,11
35,lstm,0.4613728625,12
35,ampir,0.4016028368,13
35,esm-AxP-GDL,0.371468214,14
35,iampcn,0.3628618615,15
35,amPEPpy,0.3114440861,16
35,apex1.1,0.1940256288,17
35,iamp-ca2l,0.0499240619,18
36,ascan2,0.9168956589,1
36,HMD-AMP,0.8097377371,2
36,pepnet_standard,0.7948373819,3
36,macrel,0.7613617333,4
36,amplify_bal,0.6773096616,5
36,apin,0.6551322532,6
36,C_AMPs-predict,0.6142332127,7
36,ai4amp,0.5836931246,8
36,ampir,0.5126042276,9
36,pepnet_fast,0.4584456728,10
36,lstm,0.4480870792,11
36,amplify_imb,0.4419088558,12
36,AMPsorter,0.331457925,13
36,amPEPpy,0.2979336054,14
36,iampcn,0.2568615813,15
36,esm-AxP-GDL,0.1874563149,16
36,apex1.1,0.182196237,17
36,iamp-ca2l,0.0698477375,18
37,AMPsorter,0.8216763136,1
37,amplify_imb,0.8061317148,2
37,pepnet_standard,0.7222940545,3
37,esm-AxP-GDL,0.7097360609,4
37,HMD-AMP,0.6846535616,5
37,C_AMPs-predict,0.6671533096,6
37,pepnet_fast,0.6472654195,7
37,amplify_bal,0.5741665191,8
37,iampcn,0.4976859442,9
37,macrel,0.4930618751,10
37,lstm,0.4601201465,11
37,ai4amp,0.4080048879,12
37,amPEPpy,0.4077820214,13
37,apin,0.3330571045,14
37,apex1.1,0.2847885176,15
37,ascan2,0.2742218004,16
37,ampir,0.1980187767,17
37,iamp-ca2l,0.0101819721,18
38,C_AMPs-predict,0.7669050108,1
38,amplify_bal,0.7381176317,2
38,pepnet_standard,0.7271018501,3
38,pepnet_fast,0.6703648555,4
38,amplify_imb,0.6535319801,5
38,macrel,0.5804203145,6
38,AMPsorter,0.5624098901,7
38,HMD-AMP,0.5517257002,8
38,ascan2,0.4968764982,9
38,esm-AxP-GDL,0.4964182822,10
38,amPEPpy,0.46373487,11
38,ai4amp,0.460196465,12
38,lstm,0.4195043725,13
38,apin,0.3988016073,14
38,apex1.1,0.340982554,15
38,ampir,0.3274211207,16
38,iampcn,0.3151341946,17
38,iamp-ca2l,0.0303528024,18
39,amplify_imb,0.7830663468,1
39,C_AMPs-predict,0.7552887761,2
39,AMPsorter,0.749837751,3
39,pepnet_fast,0.7118657044,4
39,pepnet_standard,0.707745112,5
39,esm-AxP-GDL,0.6807477463,6
39,amplify_bal,0.6713883307,7
39,HMD-AMP,0.5538428013,8
39,macrel,0.4910122704,9
39,amPEPpy,0.4770732096,10
39,lstm,0.432841128,11
39,iampcn,0.4218605064,12
39,ai4amp,0.4030908819,13
39,apex1.1,0.3513967374,14
39,apin,0.3018498143,15
39,ascan2,0.2803182008,16
39,ampir,0.2163548216,17
39,iamp-ca2l,0.0104198608,18
40,amplify_imb,0.7833030475,1
40,C_AMPs-predict,0.7553597606,2
40,AMPsorter,0.7498037504,3
40,pepnet_fast,0.7119278851,4
40,pepnet_standard,0.7078164637,5
40,esm-AxP-GDL,0.6809917464,6
40,amplify_bal,0.6714957128,7
40,HMD-AMP,0.553934093,8
40,macrel,0.4908633995,9
40,amPEPpy,0.4770652019,10
40,lstm,0.432864724,11
40,iampcn,0.4222288375,12
40,ai4amp,0.4030063418,13
40,apex1.1,0.3506552051,14
40,apin,0.3018126743,15
40,ascan2,0.2801892358,16
40,ampir,0.2162748484,17
40,iamp-ca2l,0.0104070722,18
41,AMPsorter,0.8942096582,1
41,amplify_imb,0.8304741274,2
41,HMD-AMP,0.8160057505,3
41,esm-AxP-GDL,0.7395568388,4
41,pepnet_standard,0.7373483337,5
41,pepnet_fast,0.5831699291,6
41,C_AMPs-predict,0.5792112133,7
41,iampcn,0.5761529141,8
41,macrel,0.4941598762,9
41,lstm,0.4877392656,10
41,amplify_bal,0.477543383,11
41,ai4amp,0.4119532315,12
41,apin,0.3641916302,13
41,amPEPpy,0.337594248,14
41,ascan2,0.2676722626,15
41,apex1.1,0.2137848367,16
41,ampir,0.1793014308,17
41,iamp-ca2l,0.0099310703,18
42,HMD-AMP,0.814122399,1
42,pepnet_standard,0.7567416453,2
42,AMPsorter,0.7065419567,3
42,amplify_imb,0.7006440501,4
42,C_AMPs-predict,0.5910823588,5
42,macrel,0.5838261392,6
42,esm-AxP-GDL,0.5553355822,7
42,amplify_bal,0.5442049084,8
42,pepnet_fast,0.5414641504,9
42,ascan2,0.4842448965,10
42,lstm,0.4741881071,11
42,ai4amp,0.4696306449,12
42,iampcn,0.4684231567,13
42,apin,0.461413861,14
42,amPEPpy,0.3244147668,15
42,ampir,0.2904673672,16
42,apex1.1,0.2034016577,17
42,iamp-ca2l,0.0298523519,18
43,AMPsorter,0.8942573594,1
43,amplify_imb,0.8301608072,2
43,HMD-AMP,0.8159371748,3
43,esm-AxP-GDL,0.7391634145,4
43,pepnet_standard,0.737564212,5
43,pepnet_fast,0.5831880938,6
43,C_AMPs-predict,0.5796202994,7
43,iampcn,0.5743328867,8
43,macrel,0.4950692085,9
43,lstm,0.4870289394,10
43,amplify_bal,0.4777314698,11
43,ai4amp,0.4126933466,12
43,apin,0.3640472837,13
43,amPEPpy,0.3381020566,14
43,ascan2,0.2673550338,15
43,apex1.1,0.2147731654,16
43,ampir,0.1790638687,17
43,iamp-ca2l,0.0099113798,18
44,pepnet_standard,0.7615152672,1
44,amplify_bal,0.7078119157,2
44,ascan2,0.7070539384,3
44,C_AMPs-predict,0.6911843592,4
44,HMD-AMP,0.681174949,5
44,macrel,0.6715257651,6
44,pepnet_fast,0.5642967474,7
44,amplify_imb,0.5474018425,8
44,apin,0.527321241,9
44,ai4amp,0.522392808,10
44,AMPsorter,0.4474020493,11
44,lstm,0.4332037253,12
44,ampir,0.4200235404,13
44,amPEPpy,0.3806068963,14
44,esm-AxP-GDL,0.341639632,15
44,iampcn,0.2845349786,16
44,apex1.1,0.2609347161,17
44,iamp-ca2l,0.0499756285,18
45,AMPsorter,0.8223790076,1
45,amplify_imb,0.8065375105,2
45,pepnet_standard,0.722701505,3
45,esm-AxP-GDL,0.7097150927,4
45,HMD-AMP,0.6847560899,5
45,C_AMPs-predict,0.6677689928,6
45,pepnet_fast,0.647542019,7
45,amplify_bal,0.5744874658,8
45,iampcn,0.4978635845,9
45,macrel,0.4931742524,10
45,lstm,0.4596790696,11
45,ai4amp,0.4079116863,12
45,amPEPpy,0.4076328742,13
45,apin,0.3328281328,14
45,apex1.1,0.2835198119,15
45,ascan2,0.2737238647,16
45,ampir,0.1976323986,17
45,iamp-ca2l,0.0101466419,18
46,AMPsorter,0.8223556344,1
46,amplify_imb,0.8065111053,2
46,pepnet_standard,0.7227103702,3
46,esm-AxP-GDL,0.7097090151,4
46,HMD-AMP,0.6847155128,5
46,C_AMPs-predict,0.6678809901,6
46,pepnet_fast,0.6475220594,7
46,amplify_bal,0.5744730213,8
46,iampcn,0.4979819318,9
46,macrel,0.4932321221,10
46,lstm,0.4596532098,11
46,ai4amp,0.4078965502,12
46,amPEPpy,0.4075854513,13
46,apin,0.3327909192,14
46,apex1.1,0.2835442735,15
46,ascan2,0.2736841157,16
46,ampir,0.1976132579,17
46,iamp-ca2l,0.0101404596,18
47,pepnet_standard,0.7419171768,1
47,HMD-AMP,0.6828226857,2
47,C_AMPs-predict,0.6791826395,3
47,amplify_imb,0.6771062776,4
47,amplify_bal,0.6411318228,5
47,AMPsorter,0.6345079702,6
47,pepnet_fast,0.605873208,7
47,macrel,0.5821459366,8
47,esm-AxP-GDL,0.5258441329,9
47,ascan2,0.4904796193,10
47,ai4amp,0.4648870376,11
47,lstm,0.4467151595,12
47,apin,0.4300381298,13
47,amPEPpy,0.3941219166,14
47,iampcn,0.391783199,15
47,ampir,0.3089384688,16
47,apex1.1,0.2724048068,17
47,iamp-ca2l,0.0300998126,18
48,ascan2,0.9175289967,1
48,HMD-AMP,0.8102775423,2
48,pepnet_standard,0.7954796429,3
48,macrel,0.7618311373,4
48,amplify_bal,0.6776683485,5
48,apin,0.6556177335,6
48,C_AMPs-predict,0.6141221832,7
48,ai4amp,0.5837013293,8
48,ampir,0.5128668112,9
48,pepnet_fast,0.4583585246,10
48,lstm,0.4478330098,11
48,amplify_imb,0.4420004746,12
48,AMPsorter,0.331399199,13
48,amPEPpy,0.2976778814,14
48,iampcn,0.2558393584,15
48,esm-AxP-GDL,0.1873926352,16
48,apex1.1,0.1807015232,17
48,iamp-ca2l,0.0697036688,18
49,HMD-AMP,0.8139927642,1
49,pepnet_standard,0.756558396,2
49,AMPsorter,0.7063979183,3
49,amplify_imb,0.7004918766,4
49,C_AMPs-predict,0.5910230038,5
49,macrel,0.583815544,6
49,esm-AxP-GDL,0.5552655068,7
49,amplify_bal,0.5440795159,8
49,pepnet_fast,0.541327555,9
49,ascan2,0.4842063198,10
49,lstm,0.4741291453,11
49,ai4amp,0.4698838277,12
49,iampcn,0.4681050655,13
49,apin,0.4613848046,14
49,amPEPpy,0.3247912154,15
49,ampir,0.290584701,16
49,apex1.1,0.204072603,17
49,iamp-ca2l,0.0298902374,18
50,AMPsorter,0.8221955733,1
50,amplify_imb,0.8062636849,2
50,pepnet_standard,0.7226126204,3
50,esm-AxP-GDL,0.709542929,4
50,HMD-AMP,0.6846247149,5
50,C_AMPs-predict,0.6677978794,6
50,pepnet_fast,0.6474166215,7
50,amplify_bal,0.5743666181,8
50,iampcn,0.4974563051,9
50,macrel,0.4934206346,10
50,lstm,0.4596047399,11
50,ai4amp,0.4080993227,12
50,amPEPpy,0.4077705082,13
50,apin,0.3328144322,14
50,apex1.1,0.2843900673,15
50,ascan2,0.2737819466,16
50,ampir,0.197696469,17
50,iamp-ca2l,0.0101449329,18
